year,benchmark_status,lsoas,share_of_lsoas,care50_num,share_of_care50
2001,below,1746,0.511873350923483,55023.7578990682,0.562454081643989
2001,equal,0,0,0,0
2001,above,1665,0.488126649076517,42804.2421009318,0.437545918356011
2011,below,994,0.291410143652888,41633.5229299066,0.332268081898043
2011,equal,0,0,0,0
2011,above,2417,0.708589856347112,83667.4770700934,0.667731918101957
2021,below,860,0.252125476399883,39728,0.275687866486243
2021,equal,0,0,0,0
2021,above,2551,0.747874523600117,104377,0.724312133513757
